Country Code,Country Name
4,Afghanistan
4,Afghanistan
4,Afghanistan
4,Afghanistan
4,Afghanistan
4,Afghanistan
4,Afghanistan
4,Afghanistan
4,Afghanistan
4,Afghanistan
4,Afghanistan
4,Afghanistan
4,Afghanistan
4,Afghanistan
4,Afghanistan
8,Albania
8,Albania
8,Albania
8,Albania
8,Albania
8,Albania
8,Albania
8,Albania
8,Albania
8,Albania
8,Albania
8,Albania
8,Albania
8,Albania
8,Albania
12,Algeria
12,Algeria
12,Algeria
12,Algeria
12,Algeria
12,Algeria
12,Algeria
12,Algeria
12,Algeria
12,Algeria
12,Algeria
12,Algeria
12,Algeria
12,Algeria
12,Algeria
16,American Samoa
16,American Samoa
16,American Samoa
16,American Samoa
16,American Samoa
16,American Samoa
16,American Samoa
16,American Samoa
16,American Samoa
16,American Samoa
16,American Samoa
16,American Samoa
16,American Samoa
16,American Samoa
16,American Samoa
20,Andorra
20,Andorra
20,Andorra
20,Andorra
20,Andorra
20,Andorra
20,Andorra
20,Andorra
20,Andorra
20,Andorra
20,Andorra
20,Andorra
20,Andorra
20,Andorra
20,Andorra
24,Angola
24,Angola
24,Angola
24,Angola
24,Angola
24,Angola
24,Angola
24,Angola
24,Angola
24,Angola
24,Angola
24,Angola
24,Angola
24,Angola
24,Angola
660,Anguilla
660,Anguilla
660,Anguilla
660,Anguilla
660,Anguilla
660,Anguilla
660,Anguilla
660,Anguilla
660,Anguilla
660,Anguilla
660,Anguilla
660,Anguilla
660,Anguilla
660,Anguilla
660,Anguilla
28,Antigua and Barbuda
28,Antigua and Barbuda
28,Antigua and Barbuda
28,Antigua and Barbuda
28,Antigua and Barbuda
28,Antigua and Barbuda
28,Antigua and Barbuda
28,Antigua and Barbuda
28,Antigua and Barbuda
28,Antigua and Barbuda
28,Antigua and Barbuda
28,Antigua and Barbuda
28,Antigua and Barbuda
28,Antigua and Barbuda
28,Antigua and Barbuda
32,Argentina
32,Argentina
32,Argentina
32,Argentina
32,Argentina
32,Argentina
32,Argentina
32,Argentina
32,Argentina
32,Argentina
32,Argentina
32,Argentina
32,Argentina
32,Argentina
32,Argentina
51,Armenia
51,Armenia
51,Armenia
51,Armenia
51,Armenia
51,Armenia
51,Armenia
51,Armenia
51,Armenia
51,Armenia
51,Armenia
51,Armenia
51,Armenia
51,Armenia
51,Armenia
533,Aruba
533,Aruba
533,Aruba
533,Aruba
533,Aruba
533,Aruba
533,Aruba
533,Aruba
533,Aruba
533,Aruba
533,Aruba
533,Aruba
533,Aruba
533,Aruba
533,Aruba
36,Australia
36,Australia
36,Australia
36,Australia
36,Australia
36,Australia
36,Australia
36,Australia
36,Australia
36,Australia
36,Australia
36,Australia
36,Australia
36,Australia
36,Australia
40,Austria
40,Austria
40,Austria
40,Austria
40,Austria
40,Austria
40,Austria
40,Austria
40,Austria
40,Austria
40,Austria
40,Austria
40,Austria
40,Austria
40,Austria
31,Azerbaijan
31,Azerbaijan
31,Azerbaijan
31,Azerbaijan
31,Azerbaijan
31,Azerbaijan
31,Azerbaijan
31,Azerbaijan
31,Azerbaijan
31,Azerbaijan
31,Azerbaijan
31,Azerbaijan
31,Azerbaijan
31,Azerbaijan
31,Azerbaijan
44,Bahamas
44,Bahamas
44,Bahamas
44,Bahamas
44,Bahamas
44,Bahamas
44,Bahamas
44,Bahamas
44,Bahamas
44,Bahamas
44,Bahamas
44,Bahamas
44,Bahamas
44,Bahamas
44,Bahamas
48,Bahrain
48,Bahrain
48,Bahrain
48,Bahrain
48,Bahrain
48,Bahrain
48,Bahrain
48,Bahrain
48,Bahrain
48,Bahrain
48,Bahrain
48,Bahrain
48,Bahrain
48,Bahrain
48,Bahrain
50,Bangladesh
50,Bangladesh
50,Bangladesh
50,Bangladesh
50,Bangladesh
50,Bangladesh
50,Bangladesh
50,Bangladesh
50,Bangladesh
50,Bangladesh
50,Bangladesh
50,Bangladesh
50,Bangladesh
50,Bangladesh
50,Bangladesh
52,Barbados
52,Barbados
52,Barbados
52,Barbados
52,Barbados
52,Barbados
52,Barbados
52,Barbados
52,Barbados
52,Barbados
52,Barbados
52,Barbados
52,Barbados
52,Barbados
52,Barbados
112,Belarus
112,Belarus
112,Belarus
112,Belarus
112,Belarus
112,Belarus
112,Belarus
112,Belarus
112,Belarus
112,Belarus
112,Belarus
112,Belarus
112,Belarus
112,Belarus
112,Belarus
56,Belgium
56,Belgium
56,Belgium
56,Belgium
56,Belgium
56,Belgium
56,Belgium
56,Belgium
56,Belgium
56,Belgium
56,Belgium
56,Belgium
56,Belgium
56,Belgium
56,Belgium
84,Belize
84,Belize
84,Belize
84,Belize
84,Belize
84,Belize
84,Belize
84,Belize
84,Belize
84,Belize
84,Belize
84,Belize
84,Belize
84,Belize
84,Belize
204,Benin
204,Benin
204,Benin
204,Benin
204,Benin
204,Benin
204,Benin
204,Benin
204,Benin
204,Benin
204,Benin
204,Benin
204,Benin
204,Benin
204,Benin
60,Bermuda
60,Bermuda
60,Bermuda
60,Bermuda
60,Bermuda
60,Bermuda
60,Bermuda
60,Bermuda
60,Bermuda
60,Bermuda
60,Bermuda
60,Bermuda
60,Bermuda
60,Bermuda
60,Bermuda
64,Bhutan
64,Bhutan
64,Bhutan
64,Bhutan
64,Bhutan
64,Bhutan
64,Bhutan
64,Bhutan
64,Bhutan
64,Bhutan
64,Bhutan
64,Bhutan
64,Bhutan
64,Bhutan
64,Bhutan
68,Bolivia (Plurinational State of)
68,Bolivia (Plurinational State of)
68,Bolivia (Plurinational State of)
68,Bolivia (Plurinational State of)
68,Bolivia (Plurinational State of)
68,Bolivia (Plurinational State of)
68,Bolivia (Plurinational State of)
68,Bolivia (Plurinational State of)
68,Bolivia (Plurinational State of)
68,Bolivia (Plurinational State of)
68,Bolivia (Plurinational State of)
68,Bolivia (Plurinational State of)
68,Bolivia (Plurinational State of)
68,Bolivia (Plurinational State of)
68,Bolivia (Plurinational State of)
535,"Bonaire, Sint Eustatius and Saba"
535,"Bonaire, Sint Eustatius and Saba"
535,"Bonaire, Sint Eustatius and Saba"
535,"Bonaire, Sint Eustatius and Saba"
535,"Bonaire, Sint Eustatius and Saba"
535,"Bonaire, Sint Eustatius and Saba"
535,"Bonaire, Sint Eustatius and Saba"
535,"Bonaire, Sint Eustatius and Saba"
535,"Bonaire, Sint Eustatius and Saba"
535,"Bonaire, Sint Eustatius and Saba"
535,"Bonaire, Sint Eustatius and Saba"
535,"Bonaire, Sint Eustatius and Saba"
535,"Bonaire, Sint Eustatius and Saba"
535,"Bonaire, Sint Eustatius and Saba"
535,"Bonaire, Sint Eustatius and Saba"
70,Bosnia and Herzegovina
70,Bosnia and Herzegovina
70,Bosnia and Herzegovina
70,Bosnia and Herzegovina
70,Bosnia and Herzegovina
70,Bosnia and Herzegovina
70,Bosnia and Herzegovina
70,Bosnia and Herzegovina
70,Bosnia and Herzegovina
70,Bosnia and Herzegovina
70,Bosnia and Herzegovina
70,Bosnia and Herzegovina
70,Bosnia and Herzegovina
70,Bosnia and Herzegovina
70,Bosnia and Herzegovina
72,Botswana
72,Botswana
72,Botswana
72,Botswana
72,Botswana
72,Botswana
72,Botswana
72,Botswana
72,Botswana
72,Botswana
72,Botswana
72,Botswana
72,Botswana
72,Botswana
72,Botswana
76,Brazil
76,Brazil
76,Brazil
76,Brazil
76,Brazil
76,Brazil
76,Brazil
76,Brazil
76,Brazil
76,Brazil
76,Brazil
76,Brazil
76,Brazil
76,Brazil
76,Brazil
92,British Virgin Islands
92,British Virgin Islands
92,British Virgin Islands
92,British Virgin Islands
92,British Virgin Islands
92,British Virgin Islands
92,British Virgin Islands
92,British Virgin Islands
92,British Virgin Islands
92,British Virgin Islands
92,British Virgin Islands
92,British Virgin Islands
92,British Virgin Islands
92,British Virgin Islands
92,British Virgin Islands
96,Brunei Darussalam
96,Brunei Darussalam
96,Brunei Darussalam
96,Brunei Darussalam
96,Brunei Darussalam
96,Brunei Darussalam
96,Brunei Darussalam
96,Brunei Darussalam
96,Brunei Darussalam
96,Brunei Darussalam
96,Brunei Darussalam
96,Brunei Darussalam
96,Brunei Darussalam
96,Brunei Darussalam
96,Brunei Darussalam
100,Bulgaria
100,Bulgaria
100,Bulgaria
100,Bulgaria
100,Bulgaria
100,Bulgaria
100,Bulgaria
100,Bulgaria
100,Bulgaria
100,Bulgaria
100,Bulgaria
100,Bulgaria
100,Bulgaria
100,Bulgaria
100,Bulgaria
854,Burkina Faso
854,Burkina Faso
854,Burkina Faso
854,Burkina Faso
854,Burkina Faso
854,Burkina Faso
854,Burkina Faso
854,Burkina Faso
854,Burkina Faso
854,Burkina Faso
854,Burkina Faso
854,Burkina Faso
854,Burkina Faso
854,Burkina Faso
854,Burkina Faso
108,Burundi
108,Burundi
108,Burundi
108,Burundi
108,Burundi
108,Burundi
108,Burundi
108,Burundi
108,Burundi
108,Burundi
108,Burundi
108,Burundi
108,Burundi
108,Burundi
108,Burundi
132,Cabo Verde
132,Cabo Verde
132,Cabo Verde
132,Cabo Verde
132,Cabo Verde
132,Cabo Verde
132,Cabo Verde
132,Cabo Verde
132,Cabo Verde
132,Cabo Verde
132,Cabo Verde
132,Cabo Verde
132,Cabo Verde
132,Cabo Verde
132,Cabo Verde
116,Cambodia
116,Cambodia
116,Cambodia
116,Cambodia
116,Cambodia
116,Cambodia
116,Cambodia
116,Cambodia
116,Cambodia
116,Cambodia
116,Cambodia
116,Cambodia
116,Cambodia
116,Cambodia
116,Cambodia
120,Cameroon
120,Cameroon
120,Cameroon
120,Cameroon
120,Cameroon
120,Cameroon
120,Cameroon
120,Cameroon
120,Cameroon
120,Cameroon
120,Cameroon
120,Cameroon
120,Cameroon
120,Cameroon
120,Cameroon
124,Canada
124,Canada
124,Canada
124,Canada
124,Canada
124,Canada
124,Canada
124,Canada
124,Canada
124,Canada
124,Canada
124,Canada
124,Canada
124,Canada
124,Canada
136,Cayman Islands
136,Cayman Islands
136,Cayman Islands
136,Cayman Islands
136,Cayman Islands
136,Cayman Islands
136,Cayman Islands
136,Cayman Islands
136,Cayman Islands
136,Cayman Islands
136,Cayman Islands
136,Cayman Islands
136,Cayman Islands
136,Cayman Islands
136,Cayman Islands
140,Central African Republic
140,Central African Republic
140,Central African Republic
140,Central African Republic
140,Central African Republic
140,Central African Republic
140,Central African Republic
140,Central African Republic
140,Central African Republic
140,Central African Republic
140,Central African Republic
140,Central African Republic
140,Central African Republic
140,Central African Republic
140,Central African Republic
148,Chad
148,Chad
148,Chad
148,Chad
148,Chad
148,Chad
148,Chad
148,Chad
148,Chad
148,Chad
148,Chad
148,Chad
148,Chad
148,Chad
148,Chad
152,Chile
152,Chile
152,Chile
152,Chile
152,Chile
152,Chile
152,Chile
152,Chile
152,Chile
152,Chile
152,Chile
152,Chile
152,Chile
152,Chile
152,Chile
156,China
156,China
156,China
156,China
156,China
156,China
156,China
156,China
156,China
156,China
156,China
156,China
156,China
156,China
156,China
344,"China, Hong Kong Special Administrative Region"
344,"China, Hong Kong Special Administrative Region"
344,"China, Hong Kong Special Administrative Region"
344,"China, Hong Kong Special Administrative Region"
344,"China, Hong Kong Special Administrative Region"
344,"China, Hong Kong Special Administrative Region"
344,"China, Hong Kong Special Administrative Region"
344,"China, Hong Kong Special Administrative Region"
344,"China, Hong Kong Special Administrative Region"
344,"China, Hong Kong Special Administrative Region"
344,"China, Hong Kong Special Administrative Region"
344,"China, Hong Kong Special Administrative Region"
344,"China, Hong Kong Special Administrative Region"
344,"China, Hong Kong Special Administrative Region"
344,"China, Hong Kong Special Administrative Region"
446,"China, Macao Special Administrative Region"
446,"China, Macao Special Administrative Region"
446,"China, Macao Special Administrative Region"
446,"China, Macao Special Administrative Region"
446,"China, Macao Special Administrative Region"
446,"China, Macao Special Administrative Region"
446,"China, Macao Special Administrative Region"
446,"China, Macao Special Administrative Region"
446,"China, Macao Special Administrative Region"
446,"China, Macao Special Administrative Region"
446,"China, Macao Special Administrative Region"
446,"China, Macao Special Administrative Region"
446,"China, Macao Special Administrative Region"
446,"China, Macao Special Administrative Region"
446,"China, Macao Special Administrative Region"
170,Colombia
170,Colombia
170,Colombia
170,Colombia
170,Colombia
170,Colombia
170,Colombia
170,Colombia
170,Colombia
170,Colombia
170,Colombia
170,Colombia
170,Colombia
170,Colombia
170,Colombia
174,Comoros
174,Comoros
174,Comoros
174,Comoros
174,Comoros
174,Comoros
174,Comoros
174,Comoros
174,Comoros
174,Comoros
174,Comoros
174,Comoros
174,Comoros
174,Comoros
174,Comoros
178,Congo
178,Congo
178,Congo
178,Congo
178,Congo
178,Congo
178,Congo
178,Congo
178,Congo
178,Congo
178,Congo
178,Congo
178,Congo
178,Congo
178,Congo
184,Cook Islands
184,Cook Islands
184,Cook Islands
184,Cook Islands
184,Cook Islands
184,Cook Islands
184,Cook Islands
184,Cook Islands
184,Cook Islands
184,Cook Islands
184,Cook Islands
184,Cook Islands
184,Cook Islands
184,Cook Islands
184,Cook Islands
188,Costa Rica
188,Costa Rica
188,Costa Rica
188,Costa Rica
188,Costa Rica
188,Costa Rica
188,Costa Rica
188,Costa Rica
188,Costa Rica
188,Costa Rica
188,Costa Rica
188,Costa Rica
188,Costa Rica
188,Costa Rica
188,Costa Rica
384,Cote d'Ivoire
384,Cote d'Ivoire
384,Cote d'Ivoire
384,Cote d'Ivoire
384,Cote d'Ivoire
384,Cote d'Ivoire
384,Cote d'Ivoire
384,Cote d'Ivoire
384,Cote d'Ivoire
384,Cote d'Ivoire
384,Cote d'Ivoire
384,Cote d'Ivoire
384,Cote d'Ivoire
384,Cote d'Ivoire
384,Cote d'Ivoire
191,Croatia
191,Croatia
191,Croatia
191,Croatia
191,Croatia
191,Croatia
191,Croatia
191,Croatia
191,Croatia
191,Croatia
191,Croatia
191,Croatia
191,Croatia
191,Croatia
191,Croatia
192,Cuba
192,Cuba
192,Cuba
192,Cuba
192,Cuba
192,Cuba
192,Cuba
192,Cuba
192,Cuba
192,Cuba
192,Cuba
192,Cuba
192,Cuba
192,Cuba
192,Cuba
531,Curacao
531,Curacao
531,Curacao
531,Curacao
531,Curacao
531,Curacao
531,Curacao
531,Curacao
531,Curacao
531,Curacao
531,Curacao
531,Curacao
531,Curacao
531,Curacao
531,Curacao
196,Cyprus
196,Cyprus
196,Cyprus
196,Cyprus
196,Cyprus
196,Cyprus
196,Cyprus
196,Cyprus
196,Cyprus
196,Cyprus
196,Cyprus
196,Cyprus
196,Cyprus
196,Cyprus
196,Cyprus
203,Czechia
203,Czechia
203,Czechia
203,Czechia
203,Czechia
203,Czechia
203,Czechia
203,Czechia
203,Czechia
203,Czechia
203,Czechia
203,Czechia
203,Czechia
203,Czechia
203,Czechia
408,Democratic People's Republic of Korea
408,Democratic People's Republic of Korea
408,Democratic People's Republic of Korea
408,Democratic People's Republic of Korea
408,Democratic People's Republic of Korea
408,Democratic People's Republic of Korea
408,Democratic People's Republic of Korea
408,Democratic People's Republic of Korea
408,Democratic People's Republic of Korea
408,Democratic People's Republic of Korea
408,Democratic People's Republic of Korea
408,Democratic People's Republic of Korea
408,Democratic People's Republic of Korea
408,Democratic People's Republic of Korea
408,Democratic People's Republic of Korea
180,Democratic Republic of the Congo
180,Democratic Republic of the Congo
180,Democratic Republic of the Congo
180,Democratic Republic of the Congo
180,Democratic Republic of the Congo
180,Democratic Republic of the Congo
180,Democratic Republic of the Congo
180,Democratic Republic of the Congo
180,Democratic Republic of the Congo
180,Democratic Republic of the Congo
180,Democratic Republic of the Congo
180,Democratic Republic of the Congo
180,Democratic Republic of the Congo
180,Democratic Republic of the Congo
180,Democratic Republic of the Congo
208,Denmark
208,Denmark
208,Denmark
208,Denmark
208,Denmark
208,Denmark
208,Denmark
208,Denmark
208,Denmark
208,Denmark
208,Denmark
208,Denmark
208,Denmark
208,Denmark
208,Denmark
262,Djibouti
262,Djibouti
262,Djibouti
262,Djibouti
262,Djibouti
262,Djibouti
262,Djibouti
262,Djibouti
262,Djibouti
262,Djibouti
262,Djibouti
262,Djibouti
262,Djibouti
262,Djibouti
262,Djibouti
212,Dominica
212,Dominica
212,Dominica
212,Dominica
212,Dominica
212,Dominica
212,Dominica
212,Dominica
212,Dominica
212,Dominica
212,Dominica
212,Dominica
212,Dominica
212,Dominica
212,Dominica
214,Dominican Republic
214,Dominican Republic
214,Dominican Republic
214,Dominican Republic
214,Dominican Republic
214,Dominican Republic
214,Dominican Republic
214,Dominican Republic
214,Dominican Republic
214,Dominican Republic
214,Dominican Republic
214,Dominican Republic
214,Dominican Republic
214,Dominican Republic
214,Dominican Republic
218,Ecuador
218,Ecuador
218,Ecuador
218,Ecuador
218,Ecuador
218,Ecuador
218,Ecuador
218,Ecuador
218,Ecuador
218,Ecuador
218,Ecuador
218,Ecuador
218,Ecuador
218,Ecuador
218,Ecuador
818,Egypt
818,Egypt
818,Egypt
818,Egypt
818,Egypt
818,Egypt
818,Egypt
818,Egypt
818,Egypt
818,Egypt
818,Egypt
818,Egypt
818,Egypt
818,Egypt
818,Egypt
222,El Salvador
222,El Salvador
222,El Salvador
222,El Salvador
222,El Salvador
222,El Salvador
222,El Salvador
222,El Salvador
222,El Salvador
222,El Salvador
222,El Salvador
222,El Salvador
222,El Salvador
222,El Salvador
222,El Salvador
226,Equatorial Guinea
226,Equatorial Guinea
226,Equatorial Guinea
226,Equatorial Guinea
226,Equatorial Guinea
226,Equatorial Guinea
226,Equatorial Guinea
226,Equatorial Guinea
226,Equatorial Guinea
226,Equatorial Guinea
226,Equatorial Guinea
226,Equatorial Guinea
226,Equatorial Guinea
226,Equatorial Guinea
226,Equatorial Guinea
232,Eritrea
232,Eritrea
232,Eritrea
232,Eritrea
232,Eritrea
232,Eritrea
232,Eritrea
232,Eritrea
232,Eritrea
232,Eritrea
232,Eritrea
232,Eritrea
232,Eritrea
232,Eritrea
232,Eritrea
233,Estonia
233,Estonia
233,Estonia
233,Estonia
233,Estonia
233,Estonia
233,Estonia
233,Estonia
233,Estonia
233,Estonia
233,Estonia
233,Estonia
233,Estonia
233,Estonia
233,Estonia
748,Eswatini
748,Eswatini
748,Eswatini
748,Eswatini
748,Eswatini
748,Eswatini
748,Eswatini
748,Eswatini
748,Eswatini
748,Eswatini
748,Eswatini
748,Eswatini
748,Eswatini
748,Eswatini
748,Eswatini
231,Ethiopia
231,Ethiopia
231,Ethiopia
231,Ethiopia
231,Ethiopia
231,Ethiopia
231,Ethiopia
231,Ethiopia
231,Ethiopia
231,Ethiopia
231,Ethiopia
231,Ethiopia
231,Ethiopia
231,Ethiopia
231,Ethiopia
238,Falkland Islands (Malvinas)
238,Falkland Islands (Malvinas)
238,Falkland Islands (Malvinas)
238,Falkland Islands (Malvinas)
238,Falkland Islands (Malvinas)
238,Falkland Islands (Malvinas)
238,Falkland Islands (Malvinas)
238,Falkland Islands (Malvinas)
238,Falkland Islands (Malvinas)
238,Falkland Islands (Malvinas)
238,Falkland Islands (Malvinas)
238,Falkland Islands (Malvinas)
238,Falkland Islands (Malvinas)
238,Falkland Islands (Malvinas)
238,Falkland Islands (Malvinas)
234,Faroe Islands
234,Faroe Islands
234,Faroe Islands
234,Faroe Islands
234,Faroe Islands
234,Faroe Islands
234,Faroe Islands
234,Faroe Islands
234,Faroe Islands
234,Faroe Islands
234,Faroe Islands
234,Faroe Islands
234,Faroe Islands
234,Faroe Islands
234,Faroe Islands
242,Fiji
242,Fiji
242,Fiji
242,Fiji
242,Fiji
242,Fiji
242,Fiji
242,Fiji
242,Fiji
242,Fiji
242,Fiji
242,Fiji
242,Fiji
242,Fiji
242,Fiji
246,Finland
246,Finland
246,Finland
246,Finland
246,Finland
246,Finland
246,Finland
246,Finland
246,Finland
246,Finland
246,Finland
246,Finland
246,Finland
246,Finland
246,Finland
250,France
250,France
250,France
250,France
250,France
250,France
250,France
250,France
250,France
250,France
250,France
250,France
250,France
250,France
250,France
254,French Guiana
254,French Guiana
254,French Guiana
254,French Guiana
254,French Guiana
254,French Guiana
254,French Guiana
254,French Guiana
254,French Guiana
254,French Guiana
254,French Guiana
254,French Guiana
254,French Guiana
254,French Guiana
254,French Guiana
258,French Polynesia
258,French Polynesia
258,French Polynesia
258,French Polynesia
258,French Polynesia
258,French Polynesia
258,French Polynesia
258,French Polynesia
258,French Polynesia
258,French Polynesia
258,French Polynesia
258,French Polynesia
258,French Polynesia
258,French Polynesia
258,French Polynesia
266,Gabon
266,Gabon
266,Gabon
266,Gabon
266,Gabon
266,Gabon
266,Gabon
266,Gabon
266,Gabon
266,Gabon
266,Gabon
266,Gabon
266,Gabon
266,Gabon
266,Gabon
270,Gambia
270,Gambia
270,Gambia
270,Gambia
270,Gambia
270,Gambia
270,Gambia
270,Gambia
270,Gambia
270,Gambia
270,Gambia
270,Gambia
270,Gambia
270,Gambia
270,Gambia
268,Georgia
268,Georgia
268,Georgia
268,Georgia
268,Georgia
268,Georgia
268,Georgia
268,Georgia
268,Georgia
268,Georgia
268,Georgia
268,Georgia
268,Georgia
268,Georgia
268,Georgia
276,Germany
276,Germany
276,Germany
276,Germany
276,Germany
276,Germany
276,Germany
276,Germany
276,Germany
276,Germany
276,Germany
276,Germany
276,Germany
276,Germany
276,Germany
288,Ghana
288,Ghana
288,Ghana
288,Ghana
288,Ghana
288,Ghana
288,Ghana
288,Ghana
288,Ghana
288,Ghana
288,Ghana
288,Ghana
288,Ghana
288,Ghana
288,Ghana
292,Gibraltar
292,Gibraltar
292,Gibraltar
292,Gibraltar
292,Gibraltar
292,Gibraltar
292,Gibraltar
292,Gibraltar
292,Gibraltar
292,Gibraltar
292,Gibraltar
292,Gibraltar
292,Gibraltar
292,Gibraltar
292,Gibraltar
300,Greece
300,Greece
300,Greece
300,Greece
300,Greece
300,Greece
300,Greece
300,Greece
300,Greece
300,Greece
300,Greece
300,Greece
300,Greece
300,Greece
300,Greece
304,Greenland
304,Greenland
304,Greenland
304,Greenland
304,Greenland
304,Greenland
304,Greenland
304,Greenland
304,Greenland
304,Greenland
304,Greenland
304,Greenland
304,Greenland
304,Greenland
304,Greenland
308,Grenada
308,Grenada
308,Grenada
308,Grenada
308,Grenada
308,Grenada
308,Grenada
308,Grenada
308,Grenada
308,Grenada
308,Grenada
308,Grenada
308,Grenada
308,Grenada
308,Grenada
312,Guadeloupe
312,Guadeloupe
312,Guadeloupe
312,Guadeloupe
312,Guadeloupe
312,Guadeloupe
312,Guadeloupe
312,Guadeloupe
312,Guadeloupe
312,Guadeloupe
312,Guadeloupe
312,Guadeloupe
312,Guadeloupe
312,Guadeloupe
312,Guadeloupe
316,Guam
316,Guam
316,Guam
316,Guam
316,Guam
316,Guam
316,Guam
316,Guam
316,Guam
316,Guam
316,Guam
316,Guam
316,Guam
316,Guam
316,Guam
320,Guatemala
320,Guatemala
320,Guatemala
320,Guatemala
320,Guatemala
320,Guatemala
320,Guatemala
320,Guatemala
320,Guatemala
320,Guatemala
320,Guatemala
320,Guatemala
320,Guatemala
320,Guatemala
320,Guatemala
831,Guernsey
831,Guernsey
831,Guernsey
831,Guernsey
831,Guernsey
831,Guernsey
831,Guernsey
831,Guernsey
831,Guernsey
831,Guernsey
831,Guernsey
831,Guernsey
831,Guernsey
831,Guernsey
831,Guernsey
324,Guinea
324,Guinea
324,Guinea
324,Guinea
324,Guinea
324,Guinea
324,Guinea
324,Guinea
324,Guinea
324,Guinea
324,Guinea
324,Guinea
324,Guinea
324,Guinea
324,Guinea
624,Guinea-Bissau
624,Guinea-Bissau
624,Guinea-Bissau
624,Guinea-Bissau
624,Guinea-Bissau
624,Guinea-Bissau
624,Guinea-Bissau
624,Guinea-Bissau
624,Guinea-Bissau
624,Guinea-Bissau
624,Guinea-Bissau
624,Guinea-Bissau
624,Guinea-Bissau
624,Guinea-Bissau
624,Guinea-Bissau
328,Guyana
328,Guyana
328,Guyana
328,Guyana
328,Guyana
328,Guyana
328,Guyana
328,Guyana
328,Guyana
328,Guyana
328,Guyana
328,Guyana
328,Guyana
328,Guyana
328,Guyana
332,Haiti
332,Haiti
332,Haiti
332,Haiti
332,Haiti
332,Haiti
332,Haiti
332,Haiti
332,Haiti
332,Haiti
332,Haiti
332,Haiti
332,Haiti
332,Haiti
332,Haiti
340,Honduras
340,Honduras
340,Honduras
340,Honduras
340,Honduras
340,Honduras
340,Honduras
340,Honduras
340,Honduras
340,Honduras
340,Honduras
340,Honduras
340,Honduras
340,Honduras
340,Honduras
348,Hungary
348,Hungary
348,Hungary
348,Hungary
348,Hungary
348,Hungary
348,Hungary
348,Hungary
348,Hungary
348,Hungary
348,Hungary
348,Hungary
348,Hungary
348,Hungary
348,Hungary
352,Iceland
352,Iceland
352,Iceland
352,Iceland
352,Iceland
352,Iceland
352,Iceland
352,Iceland
352,Iceland
352,Iceland
352,Iceland
352,Iceland
352,Iceland
352,Iceland
352,Iceland
356,India
356,India
356,India
356,India
356,India
356,India
356,India
356,India
356,India
356,India
356,India
356,India
356,India
356,India
356,India
360,Indonesia
360,Indonesia
360,Indonesia
360,Indonesia
360,Indonesia
360,Indonesia
360,Indonesia
360,Indonesia
360,Indonesia
360,Indonesia
360,Indonesia
360,Indonesia
360,Indonesia
360,Indonesia
360,Indonesia
364,Iran (Islamic Republic of)
364,Iran (Islamic Republic of)
364,Iran (Islamic Republic of)
364,Iran (Islamic Republic of)
364,Iran (Islamic Republic of)
364,Iran (Islamic Republic of)
364,Iran (Islamic Republic of)
364,Iran (Islamic Republic of)
364,Iran (Islamic Republic of)
364,Iran (Islamic Republic of)
364,Iran (Islamic Republic of)
364,Iran (Islamic Republic of)
364,Iran (Islamic Republic of)
364,Iran (Islamic Republic of)
364,Iran (Islamic Republic of)
368,Iraq
368,Iraq
368,Iraq
368,Iraq
368,Iraq
368,Iraq
368,Iraq
368,Iraq
368,Iraq
368,Iraq
368,Iraq
368,Iraq
368,Iraq
368,Iraq
368,Iraq
372,Ireland
372,Ireland
372,Ireland
372,Ireland
372,Ireland
372,Ireland
372,Ireland
372,Ireland
372,Ireland
372,Ireland
372,Ireland
372,Ireland
372,Ireland
372,Ireland
372,Ireland
833,Isle of Man
833,Isle of Man
833,Isle of Man
833,Isle of Man
833,Isle of Man
833,Isle of Man
833,Isle of Man
833,Isle of Man
833,Isle of Man
833,Isle of Man
833,Isle of Man
833,Isle of Man
833,Isle of Man
833,Isle of Man
833,Isle of Man
376,Israel
376,Israel
376,Israel
376,Israel
376,Israel
376,Israel
376,Israel
376,Israel
376,Israel
376,Israel
376,Israel
376,Israel
376,Israel
376,Israel
376,Israel
380,Italy
380,Italy
380,Italy
380,Italy
380,Italy
380,Italy
380,Italy
380,Italy
380,Italy
380,Italy
380,Italy
380,Italy
380,Italy
380,Italy
380,Italy
388,Jamaica
388,Jamaica
388,Jamaica
388,Jamaica
388,Jamaica
388,Jamaica
388,Jamaica
388,Jamaica
388,Jamaica
388,Jamaica
388,Jamaica
388,Jamaica
388,Jamaica
388,Jamaica
388,Jamaica
392,Japan
392,Japan
392,Japan
392,Japan
392,Japan
392,Japan
392,Japan
392,Japan
392,Japan
392,Japan
392,Japan
392,Japan
392,Japan
392,Japan
392,Japan
832,Jersey
832,Jersey
832,Jersey
832,Jersey
832,Jersey
832,Jersey
832,Jersey
832,Jersey
832,Jersey
832,Jersey
832,Jersey
832,Jersey
832,Jersey
832,Jersey
832,Jersey
400,Jordan
400,Jordan
400,Jordan
400,Jordan
400,Jordan
400,Jordan
400,Jordan
400,Jordan
400,Jordan
400,Jordan
400,Jordan
400,Jordan
400,Jordan
400,Jordan
400,Jordan
398,Kazakhstan
398,Kazakhstan
398,Kazakhstan
398,Kazakhstan
398,Kazakhstan
398,Kazakhstan
398,Kazakhstan
398,Kazakhstan
398,Kazakhstan
398,Kazakhstan
398,Kazakhstan
398,Kazakhstan
398,Kazakhstan
398,Kazakhstan
398,Kazakhstan
404,Kenya
404,Kenya
404,Kenya
404,Kenya
404,Kenya
404,Kenya
404,Kenya
404,Kenya
404,Kenya
404,Kenya
404,Kenya
404,Kenya
404,Kenya
404,Kenya
404,Kenya
296,Kiribati
296,Kiribati
296,Kiribati
296,Kiribati
296,Kiribati
296,Kiribati
296,Kiribati
296,Kiribati
296,Kiribati
296,Kiribati
296,Kiribati
296,Kiribati
296,Kiribati
296,Kiribati
296,Kiribati
412,Kosovo (not UN)
412,Kosovo (not UN)
412,Kosovo (not UN)
412,Kosovo (not UN)
412,Kosovo (not UN)
412,Kosovo (not UN)
412,Kosovo (not UN)
412,Kosovo (not UN)
412,Kosovo (not UN)
412,Kosovo (not UN)
412,Kosovo (not UN)
412,Kosovo (not UN)
412,Kosovo (not UN)
412,Kosovo (not UN)
412,Kosovo (not UN)
414,Kuwait
414,Kuwait
414,Kuwait
414,Kuwait
414,Kuwait
414,Kuwait
414,Kuwait
414,Kuwait
414,Kuwait
414,Kuwait
414,Kuwait
414,Kuwait
414,Kuwait
414,Kuwait
414,Kuwait
417,Kyrgyzstan
417,Kyrgyzstan
417,Kyrgyzstan
417,Kyrgyzstan
417,Kyrgyzstan
417,Kyrgyzstan
417,Kyrgyzstan
417,Kyrgyzstan
417,Kyrgyzstan
417,Kyrgyzstan
417,Kyrgyzstan
417,Kyrgyzstan
417,Kyrgyzstan
417,Kyrgyzstan
417,Kyrgyzstan
418,Lao People's Democratic Republic
418,Lao People's Democratic Republic
418,Lao People's Democratic Republic
418,Lao People's Democratic Republic
418,Lao People's Democratic Republic
418,Lao People's Democratic Republic
418,Lao People's Democratic Republic
418,Lao People's Democratic Republic
418,Lao People's Democratic Republic
418,Lao People's Democratic Republic
418,Lao People's Democratic Republic
418,Lao People's Democratic Republic
418,Lao People's Democratic Republic
418,Lao People's Democratic Republic
418,Lao People's Democratic Republic
428,Latvia
428,Latvia
428,Latvia
428,Latvia
428,Latvia
428,Latvia
428,Latvia
428,Latvia
428,Latvia
428,Latvia
428,Latvia
428,Latvia
428,Latvia
428,Latvia
428,Latvia
422,Lebanon
422,Lebanon
422,Lebanon
422,Lebanon
422,Lebanon
422,Lebanon
422,Lebanon
422,Lebanon
422,Lebanon
422,Lebanon
422,Lebanon
422,Lebanon
422,Lebanon
422,Lebanon
422,Lebanon
426,Lesotho
426,Lesotho
426,Lesotho
426,Lesotho
426,Lesotho
426,Lesotho
426,Lesotho
426,Lesotho
426,Lesotho
426,Lesotho
426,Lesotho
426,Lesotho
426,Lesotho
426,Lesotho
426,Lesotho
430,Liberia
430,Liberia
430,Liberia
430,Liberia
430,Liberia
430,Liberia
430,Liberia
430,Liberia
430,Liberia
430,Liberia
430,Liberia
430,Liberia
430,Liberia
430,Liberia
430,Liberia
434,Libya
434,Libya
434,Libya
434,Libya
434,Libya
434,Libya
434,Libya
434,Libya
434,Libya
434,Libya
434,Libya
434,Libya
434,Libya
434,Libya
434,Libya
438,Liechtenstein
438,Liechtenstein
438,Liechtenstein
438,Liechtenstein
438,Liechtenstein
438,Liechtenstein
438,Liechtenstein
438,Liechtenstein
438,Liechtenstein
438,Liechtenstein
438,Liechtenstein
438,Liechtenstein
438,Liechtenstein
438,Liechtenstein
438,Liechtenstein
440,Lithuania
440,Lithuania
440,Lithuania
440,Lithuania
440,Lithuania
440,Lithuania
440,Lithuania
440,Lithuania
440,Lithuania
440,Lithuania
440,Lithuania
440,Lithuania
440,Lithuania
440,Lithuania
440,Lithuania
442,Luxembourg
442,Luxembourg
442,Luxembourg
442,Luxembourg
442,Luxembourg
442,Luxembourg
442,Luxembourg
442,Luxembourg
442,Luxembourg
442,Luxembourg
442,Luxembourg
442,Luxembourg
442,Luxembourg
442,Luxembourg
442,Luxembourg
450,Madagascar
450,Madagascar
450,Madagascar
450,Madagascar
450,Madagascar
450,Madagascar
450,Madagascar
450,Madagascar
450,Madagascar
450,Madagascar
450,Madagascar
450,Madagascar
450,Madagascar
450,Madagascar
450,Madagascar
454,Malawi
454,Malawi
454,Malawi
454,Malawi
454,Malawi
454,Malawi
454,Malawi
454,Malawi
454,Malawi
454,Malawi
454,Malawi
454,Malawi
454,Malawi
454,Malawi
454,Malawi
458,Malaysia
458,Malaysia
458,Malaysia
458,Malaysia
458,Malaysia
458,Malaysia
458,Malaysia
458,Malaysia
458,Malaysia
458,Malaysia
458,Malaysia
458,Malaysia
458,Malaysia
458,Malaysia
458,Malaysia
462,Maldives
462,Maldives
462,Maldives
462,Maldives
462,Maldives
462,Maldives
462,Maldives
462,Maldives
462,Maldives
462,Maldives
462,Maldives
462,Maldives
462,Maldives
462,Maldives
462,Maldives
466,Mali
466,Mali
466,Mali
466,Mali
466,Mali
466,Mali
466,Mali
466,Mali
466,Mali
466,Mali
466,Mali
466,Mali
466,Mali
466,Mali
466,Mali
470,Malta
470,Malta
470,Malta
470,Malta
470,Malta
470,Malta
470,Malta
470,Malta
470,Malta
470,Malta
470,Malta
470,Malta
470,Malta
470,Malta
470,Malta
584,Marshall Islands
584,Marshall Islands
584,Marshall Islands
584,Marshall Islands
584,Marshall Islands
584,Marshall Islands
584,Marshall Islands
584,Marshall Islands
584,Marshall Islands
584,Marshall Islands
584,Marshall Islands
584,Marshall Islands
584,Marshall Islands
584,Marshall Islands
584,Marshall Islands
474,Martinique
474,Martinique
474,Martinique
474,Martinique
474,Martinique
474,Martinique
474,Martinique
474,Martinique
474,Martinique
474,Martinique
474,Martinique
474,Martinique
474,Martinique
474,Martinique
474,Martinique
478,Mauritania
478,Mauritania
478,Mauritania
478,Mauritania
478,Mauritania
478,Mauritania
478,Mauritania
478,Mauritania
478,Mauritania
478,Mauritania
478,Mauritania
478,Mauritania
478,Mauritania
478,Mauritania
478,Mauritania
480,Mauritius
480,Mauritius
480,Mauritius
480,Mauritius
480,Mauritius
480,Mauritius
480,Mauritius
480,Mauritius
480,Mauritius
480,Mauritius
480,Mauritius
480,Mauritius
480,Mauritius
480,Mauritius
480,Mauritius
175,Mayotte
175,Mayotte
175,Mayotte
175,Mayotte
175,Mayotte
175,Mayotte
175,Mayotte
175,Mayotte
175,Mayotte
175,Mayotte
175,Mayotte
175,Mayotte
175,Mayotte
175,Mayotte
175,Mayotte
484,Mexico
484,Mexico
484,Mexico
484,Mexico
484,Mexico
484,Mexico
484,Mexico
484,Mexico
484,Mexico
484,Mexico
484,Mexico
484,Mexico
484,Mexico
484,Mexico
484,Mexico
583,Micronesia (Federated States of)
583,Micronesia (Federated States of)
583,Micronesia (Federated States of)
583,Micronesia (Federated States of)
583,Micronesia (Federated States of)
583,Micronesia (Federated States of)
583,Micronesia (Federated States of)
583,Micronesia (Federated States of)
583,Micronesia (Federated States of)
583,Micronesia (Federated States of)
583,Micronesia (Federated States of)
583,Micronesia (Federated States of)
583,Micronesia (Federated States of)
583,Micronesia (Federated States of)
583,Micronesia (Federated States of)
496,Mongolia
496,Mongolia
496,Mongolia
496,Mongolia
496,Mongolia
496,Mongolia
496,Mongolia
496,Mongolia
496,Mongolia
496,Mongolia
496,Mongolia
496,Mongolia
496,Mongolia
496,Mongolia
496,Mongolia
499,Montenegro
499,Montenegro
499,Montenegro
499,Montenegro
499,Montenegro
499,Montenegro
499,Montenegro
499,Montenegro
499,Montenegro
499,Montenegro
499,Montenegro
499,Montenegro
499,Montenegro
499,Montenegro
499,Montenegro
500,Montserrat
500,Montserrat
500,Montserrat
500,Montserrat
500,Montserrat
500,Montserrat
500,Montserrat
500,Montserrat
500,Montserrat
500,Montserrat
500,Montserrat
500,Montserrat
500,Montserrat
500,Montserrat
500,Montserrat
504,Morocco
504,Morocco
504,Morocco
504,Morocco
504,Morocco
504,Morocco
504,Morocco
504,Morocco
504,Morocco
504,Morocco
504,Morocco
504,Morocco
504,Morocco
504,Morocco
504,Morocco
508,Mozambique
508,Mozambique
508,Mozambique
508,Mozambique
508,Mozambique
508,Mozambique
508,Mozambique
508,Mozambique
508,Mozambique
508,Mozambique
508,Mozambique
508,Mozambique
508,Mozambique
508,Mozambique
508,Mozambique
104,Myanmar
104,Myanmar
104,Myanmar
104,Myanmar
104,Myanmar
104,Myanmar
104,Myanmar
104,Myanmar
104,Myanmar
104,Myanmar
104,Myanmar
104,Myanmar
104,Myanmar
104,Myanmar
104,Myanmar
516,Namibia
516,Namibia
516,Namibia
516,Namibia
516,Namibia
516,Namibia
516,Namibia
516,Namibia
516,Namibia
516,Namibia
516,Namibia
516,Namibia
516,Namibia
516,Namibia
516,Namibia
520,Nauru
520,Nauru
520,Nauru
520,Nauru
520,Nauru
520,Nauru
520,Nauru
520,Nauru
520,Nauru
520,Nauru
520,Nauru
520,Nauru
520,Nauru
520,Nauru
520,Nauru
524,Nepal
524,Nepal
524,Nepal
524,Nepal
524,Nepal
524,Nepal
524,Nepal
524,Nepal
524,Nepal
524,Nepal
524,Nepal
524,Nepal
524,Nepal
524,Nepal
524,Nepal
528,Netherlands
528,Netherlands
528,Netherlands
528,Netherlands
528,Netherlands
528,Netherlands
528,Netherlands
528,Netherlands
528,Netherlands
528,Netherlands
528,Netherlands
528,Netherlands
528,Netherlands
528,Netherlands
528,Netherlands
540,New Caledonia
540,New Caledonia
540,New Caledonia
540,New Caledonia
540,New Caledonia
540,New Caledonia
540,New Caledonia
540,New Caledonia
540,New Caledonia
540,New Caledonia
540,New Caledonia
540,New Caledonia
540,New Caledonia
540,New Caledonia
540,New Caledonia
554,New Zealand
554,New Zealand
554,New Zealand
554,New Zealand
554,New Zealand
554,New Zealand
554,New Zealand
554,New Zealand
554,New Zealand
554,New Zealand
554,New Zealand
554,New Zealand
554,New Zealand
554,New Zealand
554,New Zealand
558,Nicaragua
558,Nicaragua
558,Nicaragua
558,Nicaragua
558,Nicaragua
558,Nicaragua
558,Nicaragua
558,Nicaragua
558,Nicaragua
558,Nicaragua
558,Nicaragua
558,Nicaragua
558,Nicaragua
558,Nicaragua
558,Nicaragua
562,Niger
562,Niger
562,Niger
562,Niger
562,Niger
562,Niger
562,Niger
562,Niger
562,Niger
562,Niger
562,Niger
562,Niger
562,Niger
562,Niger
562,Niger
566,Nigeria
566,Nigeria
566,Nigeria
566,Nigeria
566,Nigeria
566,Nigeria
566,Nigeria
566,Nigeria
566,Nigeria
566,Nigeria
566,Nigeria
566,Nigeria
566,Nigeria
566,Nigeria
566,Nigeria
570,Niue
570,Niue
570,Niue
570,Niue
570,Niue
570,Niue
570,Niue
570,Niue
570,Niue
570,Niue
570,Niue
570,Niue
570,Niue
570,Niue
570,Niue
807,North Macedonia
807,North Macedonia
807,North Macedonia
807,North Macedonia
807,North Macedonia
807,North Macedonia
807,North Macedonia
807,North Macedonia
807,North Macedonia
807,North Macedonia
807,North Macedonia
807,North Macedonia
807,North Macedonia
807,North Macedonia
807,North Macedonia
580,Northern Mariana Islands
580,Northern Mariana Islands
580,Northern Mariana Islands
580,Northern Mariana Islands
580,Northern Mariana Islands
580,Northern Mariana Islands
580,Northern Mariana Islands
580,Northern Mariana Islands
580,Northern Mariana Islands
580,Northern Mariana Islands
580,Northern Mariana Islands
580,Northern Mariana Islands
580,Northern Mariana Islands
580,Northern Mariana Islands
580,Northern Mariana Islands
578,Norway
578,Norway
578,Norway
578,Norway
578,Norway
578,Norway
578,Norway
578,Norway
578,Norway
578,Norway
578,Norway
578,Norway
578,Norway
578,Norway
578,Norway
512,Oman
512,Oman
512,Oman
512,Oman
512,Oman
512,Oman
512,Oman
512,Oman
512,Oman
512,Oman
512,Oman
512,Oman
512,Oman
512,Oman
512,Oman
586,Pakistan
586,Pakistan
586,Pakistan
586,Pakistan
586,Pakistan
586,Pakistan
586,Pakistan
586,Pakistan
586,Pakistan
586,Pakistan
586,Pakistan
586,Pakistan
586,Pakistan
586,Pakistan
586,Pakistan
585,Palau
585,Palau
585,Palau
585,Palau
585,Palau
585,Palau
585,Palau
585,Palau
585,Palau
585,Palau
585,Palau
585,Palau
585,Palau
585,Palau
585,Palau
591,Panama
591,Panama
591,Panama
591,Panama
591,Panama
591,Panama
591,Panama
591,Panama
591,Panama
591,Panama
591,Panama
591,Panama
591,Panama
591,Panama
591,Panama
598,Papua New Guinea
598,Papua New Guinea
598,Papua New Guinea
598,Papua New Guinea
598,Papua New Guinea
598,Papua New Guinea
598,Papua New Guinea
598,Papua New Guinea
598,Papua New Guinea
598,Papua New Guinea
598,Papua New Guinea
598,Papua New Guinea
598,Papua New Guinea
598,Papua New Guinea
598,Papua New Guinea
600,Paraguay
600,Paraguay
600,Paraguay
600,Paraguay
600,Paraguay
600,Paraguay
600,Paraguay
600,Paraguay
600,Paraguay
600,Paraguay
600,Paraguay
600,Paraguay
600,Paraguay
600,Paraguay
600,Paraguay
604,Peru
604,Peru
604,Peru
604,Peru
604,Peru
604,Peru
604,Peru
604,Peru
604,Peru
604,Peru
604,Peru
604,Peru
604,Peru
604,Peru
604,Peru
608,Philippines
608,Philippines
608,Philippines
608,Philippines
608,Philippines
608,Philippines
608,Philippines
608,Philippines
608,Philippines
608,Philippines
608,Philippines
608,Philippines
608,Philippines
608,Philippines
608,Philippines
616,Poland
616,Poland
616,Poland
616,Poland
616,Poland
616,Poland
616,Poland
616,Poland
616,Poland
616,Poland
616,Poland
616,Poland
616,Poland
616,Poland
616,Poland
620,Portugal
620,Portugal
620,Portugal
620,Portugal
620,Portugal
620,Portugal
620,Portugal
620,Portugal
620,Portugal
620,Portugal
620,Portugal
620,Portugal
620,Portugal
620,Portugal
620,Portugal
630,Puerto Rico
630,Puerto Rico
630,Puerto Rico
630,Puerto Rico
630,Puerto Rico
630,Puerto Rico
630,Puerto Rico
630,Puerto Rico
630,Puerto Rico
630,Puerto Rico
630,Puerto Rico
630,Puerto Rico
630,Puerto Rico
630,Puerto Rico
630,Puerto Rico
634,Qatar
634,Qatar
634,Qatar
634,Qatar
634,Qatar
634,Qatar
634,Qatar
634,Qatar
634,Qatar
634,Qatar
634,Qatar
634,Qatar
634,Qatar
634,Qatar
634,Qatar
410,Republic of Korea
410,Republic of Korea
410,Republic of Korea
410,Republic of Korea
410,Republic of Korea
410,Republic of Korea
410,Republic of Korea
410,Republic of Korea
410,Republic of Korea
410,Republic of Korea
410,Republic of Korea
410,Republic of Korea
410,Republic of Korea
410,Republic of Korea
410,Republic of Korea
498,Republic of Moldova
498,Republic of Moldova
498,Republic of Moldova
498,Republic of Moldova
498,Republic of Moldova
498,Republic of Moldova
498,Republic of Moldova
498,Republic of Moldova
498,Republic of Moldova
498,Republic of Moldova
498,Republic of Moldova
498,Republic of Moldova
498,Republic of Moldova
498,Republic of Moldova
498,Republic of Moldova
638,Reunion
638,Reunion
638,Reunion
638,Reunion
638,Reunion
638,Reunion
638,Reunion
638,Reunion
638,Reunion
638,Reunion
638,Reunion
638,Reunion
638,Reunion
638,Reunion
638,Reunion
642,Romania
642,Romania
642,Romania
642,Romania
642,Romania
642,Romania
642,Romania
642,Romania
642,Romania
642,Romania
642,Romania
642,Romania
642,Romania
642,Romania
642,Romania
643,Russian Federation
643,Russian Federation
643,Russian Federation
643,Russian Federation
643,Russian Federation
643,Russian Federation
643,Russian Federation
643,Russian Federation
643,Russian Federation
643,Russian Federation
643,Russian Federation
643,Russian Federation
643,Russian Federation
643,Russian Federation
643,Russian Federation
646,Rwanda
646,Rwanda
646,Rwanda
646,Rwanda
646,Rwanda
646,Rwanda
646,Rwanda
646,Rwanda
646,Rwanda
646,Rwanda
646,Rwanda
646,Rwanda
646,Rwanda
646,Rwanda
646,Rwanda
654,Saint Helena
654,Saint Helena
654,Saint Helena
654,Saint Helena
654,Saint Helena
654,Saint Helena
654,Saint Helena
654,Saint Helena
654,Saint Helena
654,Saint Helena
654,Saint Helena
654,Saint Helena
654,Saint Helena
654,Saint Helena
654,Saint Helena
659,Saint Kitts and Nevis
659,Saint Kitts and Nevis
659,Saint Kitts and Nevis
659,Saint Kitts and Nevis
659,Saint Kitts and Nevis
659,Saint Kitts and Nevis
659,Saint Kitts and Nevis
659,Saint Kitts and Nevis
659,Saint Kitts and Nevis
659,Saint Kitts and Nevis
659,Saint Kitts and Nevis
659,Saint Kitts and Nevis
659,Saint Kitts and Nevis
659,Saint Kitts and Nevis
659,Saint Kitts and Nevis
662,Saint Lucia
662,Saint Lucia
662,Saint Lucia
662,Saint Lucia
662,Saint Lucia
662,Saint Lucia
662,Saint Lucia
662,Saint Lucia
662,Saint Lucia
662,Saint Lucia
662,Saint Lucia
662,Saint Lucia
662,Saint Lucia
662,Saint Lucia
662,Saint Lucia
666,Saint Pierre and Miquelon
666,Saint Pierre and Miquelon
666,Saint Pierre and Miquelon
666,Saint Pierre and Miquelon
666,Saint Pierre and Miquelon
666,Saint Pierre and Miquelon
666,Saint Pierre and Miquelon
666,Saint Pierre and Miquelon
666,Saint Pierre and Miquelon
666,Saint Pierre and Miquelon
666,Saint Pierre and Miquelon
666,Saint Pierre and Miquelon
666,Saint Pierre and Miquelon
666,Saint Pierre and Miquelon
666,Saint Pierre and Miquelon
670,Saint Vincent and the Grenadines
670,Saint Vincent and the Grenadines
670,Saint Vincent and the Grenadines
670,Saint Vincent and the Grenadines
670,Saint Vincent and the Grenadines
670,Saint Vincent and the Grenadines
670,Saint Vincent and the Grenadines
670,Saint Vincent and the Grenadines
670,Saint Vincent and the Grenadines
670,Saint Vincent and the Grenadines
670,Saint Vincent and the Grenadines
670,Saint Vincent and the Grenadines
670,Saint Vincent and the Grenadines
670,Saint Vincent and the Grenadines
670,Saint Vincent and the Grenadines
882,Samoa
882,Samoa
882,Samoa
882,Samoa
882,Samoa
882,Samoa
882,Samoa
882,Samoa
882,Samoa
882,Samoa
882,Samoa
882,Samoa
882,Samoa
882,Samoa
882,Samoa
678,Sao Tome and Principe
678,Sao Tome and Principe
678,Sao Tome and Principe
678,Sao Tome and Principe
678,Sao Tome and Principe
678,Sao Tome and Principe
678,Sao Tome and Principe
678,Sao Tome and Principe
678,Sao Tome and Principe
678,Sao Tome and Principe
678,Sao Tome and Principe
678,Sao Tome and Principe
678,Sao Tome and Principe
678,Sao Tome and Principe
678,Sao Tome and Principe
682,Saudi Arabia
682,Saudi Arabia
682,Saudi Arabia
682,Saudi Arabia
682,Saudi Arabia
682,Saudi Arabia
682,Saudi Arabia
682,Saudi Arabia
682,Saudi Arabia
682,Saudi Arabia
682,Saudi Arabia
682,Saudi Arabia
682,Saudi Arabia
682,Saudi Arabia
682,Saudi Arabia
686,Senegal
686,Senegal
686,Senegal
686,Senegal
686,Senegal
686,Senegal
686,Senegal
686,Senegal
686,Senegal
686,Senegal
686,Senegal
686,Senegal
686,Senegal
686,Senegal
686,Senegal
688,Serbia
688,Serbia
688,Serbia
688,Serbia
688,Serbia
688,Serbia
688,Serbia
688,Serbia
688,Serbia
688,Serbia
688,Serbia
688,Serbia
688,Serbia
688,Serbia
688,Serbia
690,Seychelles
690,Seychelles
690,Seychelles
690,Seychelles
690,Seychelles
690,Seychelles
690,Seychelles
690,Seychelles
690,Seychelles
690,Seychelles
690,Seychelles
690,Seychelles
690,Seychelles
690,Seychelles
690,Seychelles
694,Sierra Leone
694,Sierra Leone
694,Sierra Leone
694,Sierra Leone
694,Sierra Leone
694,Sierra Leone
694,Sierra Leone
694,Sierra Leone
694,Sierra Leone
694,Sierra Leone
694,Sierra Leone
694,Sierra Leone
694,Sierra Leone
694,Sierra Leone
694,Sierra Leone
702,Singapore
702,Singapore
702,Singapore
702,Singapore
702,Singapore
702,Singapore
702,Singapore
702,Singapore
702,Singapore
702,Singapore
702,Singapore
702,Singapore
702,Singapore
702,Singapore
702,Singapore
534,Sint Maarten (Dutch part)
534,Sint Maarten (Dutch part)
534,Sint Maarten (Dutch part)
534,Sint Maarten (Dutch part)
534,Sint Maarten (Dutch part)
534,Sint Maarten (Dutch part)
534,Sint Maarten (Dutch part)
534,Sint Maarten (Dutch part)
534,Sint Maarten (Dutch part)
534,Sint Maarten (Dutch part)
534,Sint Maarten (Dutch part)
534,Sint Maarten (Dutch part)
534,Sint Maarten (Dutch part)
534,Sint Maarten (Dutch part)
534,Sint Maarten (Dutch part)
703,Slovakia
703,Slovakia
703,Slovakia
703,Slovakia
703,Slovakia
703,Slovakia
703,Slovakia
703,Slovakia
703,Slovakia
703,Slovakia
703,Slovakia
703,Slovakia
703,Slovakia
703,Slovakia
703,Slovakia
705,Slovenia
705,Slovenia
705,Slovenia
705,Slovenia
705,Slovenia
705,Slovenia
705,Slovenia
705,Slovenia
705,Slovenia
705,Slovenia
705,Slovenia
705,Slovenia
705,Slovenia
705,Slovenia
705,Slovenia
90,Solomon Islands
90,Solomon Islands
90,Solomon Islands
90,Solomon Islands
90,Solomon Islands
90,Solomon Islands
90,Solomon Islands
90,Solomon Islands
90,Solomon Islands
90,Solomon Islands
90,Solomon Islands
90,Solomon Islands
90,Solomon Islands
90,Solomon Islands
90,Solomon Islands
706,Somalia
706,Somalia
706,Somalia
706,Somalia
706,Somalia
706,Somalia
706,Somalia
706,Somalia
706,Somalia
706,Somalia
706,Somalia
706,Somalia
706,Somalia
706,Somalia
706,Somalia
710,South Africa
710,South Africa
710,South Africa
710,South Africa
710,South Africa
710,South Africa
710,South Africa
710,South Africa
710,South Africa
710,South Africa
710,South Africa
710,South Africa
710,South Africa
710,South Africa
710,South Africa
728,South Sudan
728,South Sudan
728,South Sudan
728,South Sudan
728,South Sudan
728,South Sudan
728,South Sudan
728,South Sudan
728,South Sudan
728,South Sudan
728,South Sudan
728,South Sudan
728,South Sudan
728,South Sudan
728,South Sudan
724,Spain
724,Spain
724,Spain
724,Spain
724,Spain
724,Spain
724,Spain
724,Spain
724,Spain
724,Spain
724,Spain
724,Spain
724,Spain
724,Spain
724,Spain
144,Sri Lanka
144,Sri Lanka
144,Sri Lanka
144,Sri Lanka
144,Sri Lanka
144,Sri Lanka
144,Sri Lanka
144,Sri Lanka
144,Sri Lanka
144,Sri Lanka
144,Sri Lanka
144,Sri Lanka
144,Sri Lanka
144,Sri Lanka
144,Sri Lanka
275,State of Palestine
275,State of Palestine
275,State of Palestine
275,State of Palestine
275,State of Palestine
275,State of Palestine
275,State of Palestine
275,State of Palestine
275,State of Palestine
275,State of Palestine
275,State of Palestine
275,State of Palestine
275,State of Palestine
275,State of Palestine
275,State of Palestine
729,Sudan
729,Sudan
729,Sudan
729,Sudan
729,Sudan
729,Sudan
729,Sudan
729,Sudan
729,Sudan
729,Sudan
729,Sudan
729,Sudan
729,Sudan
729,Sudan
729,Sudan
740,Suriname
740,Suriname
740,Suriname
740,Suriname
740,Suriname
740,Suriname
740,Suriname
740,Suriname
740,Suriname
740,Suriname
740,Suriname
740,Suriname
740,Suriname
740,Suriname
740,Suriname
752,Sweden
752,Sweden
752,Sweden
752,Sweden
752,Sweden
752,Sweden
752,Sweden
752,Sweden
752,Sweden
752,Sweden
752,Sweden
752,Sweden
752,Sweden
752,Sweden
752,Sweden
756,Switzerland
756,Switzerland
756,Switzerland
756,Switzerland
756,Switzerland
756,Switzerland
756,Switzerland
756,Switzerland
756,Switzerland
756,Switzerland
756,Switzerland
756,Switzerland
756,Switzerland
756,Switzerland
756,Switzerland
760,Syrian Arab Republic
760,Syrian Arab Republic
760,Syrian Arab Republic
760,Syrian Arab Republic
760,Syrian Arab Republic
760,Syrian Arab Republic
760,Syrian Arab Republic
760,Syrian Arab Republic
760,Syrian Arab Republic
760,Syrian Arab Republic
760,Syrian Arab Republic
760,Syrian Arab Republic
760,Syrian Arab Republic
760,Syrian Arab Republic
760,Syrian Arab Republic
762,Tajikistan
762,Tajikistan
762,Tajikistan
762,Tajikistan
762,Tajikistan
762,Tajikistan
762,Tajikistan
762,Tajikistan
762,Tajikistan
762,Tajikistan
762,Tajikistan
762,Tajikistan
762,Tajikistan
762,Tajikistan
762,Tajikistan
764,Thailand
764,Thailand
764,Thailand
764,Thailand
764,Thailand
764,Thailand
764,Thailand
764,Thailand
764,Thailand
764,Thailand
764,Thailand
764,Thailand
764,Thailand
764,Thailand
764,Thailand
626,Timor-Leste
626,Timor-Leste
626,Timor-Leste
626,Timor-Leste
626,Timor-Leste
626,Timor-Leste
626,Timor-Leste
626,Timor-Leste
626,Timor-Leste
626,Timor-Leste
626,Timor-Leste
626,Timor-Leste
626,Timor-Leste
626,Timor-Leste
626,Timor-Leste
768,Togo
768,Togo
768,Togo
768,Togo
768,Togo
768,Togo
768,Togo
768,Togo
768,Togo
768,Togo
768,Togo
768,Togo
768,Togo
768,Togo
768,Togo
776,Tonga
776,Tonga
776,Tonga
776,Tonga
776,Tonga
776,Tonga
776,Tonga
776,Tonga
776,Tonga
776,Tonga
776,Tonga
776,Tonga
776,Tonga
776,Tonga
776,Tonga
780,Trinidad and Tobago
780,Trinidad and Tobago
780,Trinidad and Tobago
780,Trinidad and Tobago
780,Trinidad and Tobago
780,Trinidad and Tobago
780,Trinidad and Tobago
780,Trinidad and Tobago
780,Trinidad and Tobago
780,Trinidad and Tobago
780,Trinidad and Tobago
780,Trinidad and Tobago
780,Trinidad and Tobago
780,Trinidad and Tobago
780,Trinidad and Tobago
788,Tunisia
788,Tunisia
788,Tunisia
788,Tunisia
788,Tunisia
788,Tunisia
788,Tunisia
788,Tunisia
788,Tunisia
788,Tunisia
788,Tunisia
788,Tunisia
788,Tunisia
788,Tunisia
788,Tunisia
792,Türkiye
792,Türkiye
792,Türkiye
792,Türkiye
792,Türkiye
792,Türkiye
792,Türkiye
792,Türkiye
792,Türkiye
792,Türkiye
792,Türkiye
792,Türkiye
792,Türkiye
792,Türkiye
792,Türkiye
795,Turkmenistan
795,Turkmenistan
795,Turkmenistan
795,Turkmenistan
795,Turkmenistan
795,Turkmenistan
795,Turkmenistan
795,Turkmenistan
795,Turkmenistan
795,Turkmenistan
795,Turkmenistan
795,Turkmenistan
795,Turkmenistan
795,Turkmenistan
795,Turkmenistan
796,Turks and Caicos Islands
796,Turks and Caicos Islands
796,Turks and Caicos Islands
796,Turks and Caicos Islands
796,Turks and Caicos Islands
796,Turks and Caicos Islands
796,Turks and Caicos Islands
796,Turks and Caicos Islands
796,Turks and Caicos Islands
796,Turks and Caicos Islands
796,Turks and Caicos Islands
796,Turks and Caicos Islands
796,Turks and Caicos Islands
796,Turks and Caicos Islands
796,Turks and Caicos Islands
798,Tuvalu
798,Tuvalu
798,Tuvalu
798,Tuvalu
798,Tuvalu
798,Tuvalu
798,Tuvalu
798,Tuvalu
798,Tuvalu
798,Tuvalu
798,Tuvalu
798,Tuvalu
798,Tuvalu
798,Tuvalu
798,Tuvalu
800,Uganda
800,Uganda
800,Uganda
800,Uganda
800,Uganda
800,Uganda
800,Uganda
800,Uganda
800,Uganda
800,Uganda
800,Uganda
800,Uganda
800,Uganda
800,Uganda
800,Uganda
804,Ukraine
804,Ukraine
804,Ukraine
804,Ukraine
804,Ukraine
804,Ukraine
804,Ukraine
804,Ukraine
804,Ukraine
804,Ukraine
804,Ukraine
804,Ukraine
804,Ukraine
804,Ukraine
804,Ukraine
784,United Arab Emirates
784,United Arab Emirates
784,United Arab Emirates
784,United Arab Emirates
784,United Arab Emirates
784,United Arab Emirates
784,United Arab Emirates
784,United Arab Emirates
784,United Arab Emirates
784,United Arab Emirates
784,United Arab Emirates
784,United Arab Emirates
784,United Arab Emirates
784,United Arab Emirates
784,United Arab Emirates
826,United Kingdom of Great Britain and Northern Ireland
826,United Kingdom of Great Britain and Northern Ireland
826,United Kingdom of Great Britain and Northern Ireland
826,United Kingdom of Great Britain and Northern Ireland
826,United Kingdom of Great Britain and Northern Ireland
826,United Kingdom of Great Britain and Northern Ireland
826,United Kingdom of Great Britain and Northern Ireland
826,United Kingdom of Great Britain and Northern Ireland
826,United Kingdom of Great Britain and Northern Ireland
826,United Kingdom of Great Britain and Northern Ireland
826,United Kingdom of Great Britain and Northern Ireland
826,United Kingdom of Great Britain and Northern Ireland
826,United Kingdom of Great Britain and Northern Ireland
826,United Kingdom of Great Britain and Northern Ireland
826,United Kingdom of Great Britain and Northern Ireland
834,United Republic of Tanzania
834,United Republic of Tanzania
834,United Republic of Tanzania
834,United Republic of Tanzania
834,United Republic of Tanzania
834,United Republic of Tanzania
834,United Republic of Tanzania
834,United Republic of Tanzania
834,United Republic of Tanzania
834,United Republic of Tanzania
834,United Republic of Tanzania
834,United Republic of Tanzania
834,United Republic of Tanzania
834,United Republic of Tanzania
834,United Republic of Tanzania
840,United States of America
840,United States of America
840,United States of America
840,United States of America
840,United States of America
840,United States of America
840,United States of America
840,United States of America
840,United States of America
840,United States of America
840,United States of America
840,United States of America
840,United States of America
840,United States of America
840,United States of America
850,United States Virgin Islands
850,United States Virgin Islands
850,United States Virgin Islands
850,United States Virgin Islands
850,United States Virgin Islands
850,United States Virgin Islands
850,United States Virgin Islands
850,United States Virgin Islands
850,United States Virgin Islands
850,United States Virgin Islands
850,United States Virgin Islands
850,United States Virgin Islands
850,United States Virgin Islands
850,United States Virgin Islands
850,United States Virgin Islands
858,Uruguay
858,Uruguay
858,Uruguay
858,Uruguay
858,Uruguay
858,Uruguay
858,Uruguay
858,Uruguay
858,Uruguay
858,Uruguay
858,Uruguay
858,Uruguay
858,Uruguay
858,Uruguay
858,Uruguay
860,Uzbekistan
860,Uzbekistan
860,Uzbekistan
860,Uzbekistan
860,Uzbekistan
860,Uzbekistan
860,Uzbekistan
860,Uzbekistan
860,Uzbekistan
860,Uzbekistan
860,Uzbekistan
860,Uzbekistan
860,Uzbekistan
860,Uzbekistan
860,Uzbekistan
548,Vanuatu
548,Vanuatu
548,Vanuatu
548,Vanuatu
548,Vanuatu
548,Vanuatu
548,Vanuatu
548,Vanuatu
548,Vanuatu
548,Vanuatu
548,Vanuatu
548,Vanuatu
548,Vanuatu
548,Vanuatu
548,Vanuatu
862,Venezuela (Bolivarian Republic of)
862,Venezuela (Bolivarian Republic of)
862,Venezuela (Bolivarian Republic of)
862,Venezuela (Bolivarian Republic of)
862,Venezuela (Bolivarian Republic of)
862,Venezuela (Bolivarian Republic of)
862,Venezuela (Bolivarian Republic of)
862,Venezuela (Bolivarian Republic of)
862,Venezuela (Bolivarian Republic of)
862,Venezuela (Bolivarian Republic of)
862,Venezuela (Bolivarian Republic of)
862,Venezuela (Bolivarian Republic of)
862,Venezuela (Bolivarian Republic of)
862,Venezuela (Bolivarian Republic of)
862,Venezuela (Bolivarian Republic of)
704,Viet Nam
704,Viet Nam
704,Viet Nam
704,Viet Nam
704,Viet Nam
704,Viet Nam
704,Viet Nam
704,Viet Nam
704,Viet Nam
704,Viet Nam
704,Viet Nam
704,Viet Nam
704,Viet Nam
704,Viet Nam
704,Viet Nam
876,Wallis and Futuna Islands
876,Wallis and Futuna Islands
876,Wallis and Futuna Islands
876,Wallis and Futuna Islands
876,Wallis and Futuna Islands
876,Wallis and Futuna Islands
876,Wallis and Futuna Islands
876,Wallis and Futuna Islands
876,Wallis and Futuna Islands
876,Wallis and Futuna Islands
876,Wallis and Futuna Islands
876,Wallis and Futuna Islands
876,Wallis and Futuna Islands
876,Wallis and Futuna Islands
876,Wallis and Futuna Islands
887,Yemen
887,Yemen
887,Yemen
887,Yemen
887,Yemen
887,Yemen
887,Yemen
887,Yemen
887,Yemen
887,Yemen
887,Yemen
887,Yemen
887,Yemen
887,Yemen
887,Yemen
894,Zambia
894,Zambia
894,Zambia
894,Zambia
894,Zambia
894,Zambia
894,Zambia
894,Zambia
894,Zambia
894,Zambia
894,Zambia
894,Zambia
894,Zambia
894,Zambia
894,Zambia
716,Zimbabwe
716,Zimbabwe
716,Zimbabwe
716,Zimbabwe
716,Zimbabwe
716,Zimbabwe
716,Zimbabwe
716,Zimbabwe
716,Zimbabwe
716,Zimbabwe
716,Zimbabwe
716,Zimbabwe
716,Zimbabwe
716,Zimbabwe
716,Zimbabwe
1,World
1,World
1,World
1,World
1,World
1,World
1,World
1,World
1,World
1,World
1,World
1,World
1,World
1,World
1,World
513,Northern America (M49) and Europe (M49)
513,Northern America (M49) and Europe (M49)
513,Northern America (M49) and Europe (M49)
513,Northern America (M49) and Europe (M49)
513,Northern America (M49) and Europe (M49)
513,Northern America (M49) and Europe (M49)
513,Northern America (M49) and Europe (M49)
513,Northern America (M49) and Europe (M49)
513,Northern America (M49) and Europe (M49)
513,Northern America (M49) and Europe (M49)
513,Northern America (M49) and Europe (M49)
513,Northern America (M49) and Europe (M49)
513,Northern America (M49) and Europe (M49)
513,Northern America (M49) and Europe (M49)
513,Northern America (M49) and Europe (M49)
21,Northern America (M49)
21,Northern America (M49)
21,Northern America (M49)
21,Northern America (M49)
21,Northern America (M49)
21,Northern America (M49)
21,Northern America (M49)
21,Northern America (M49)
21,Northern America (M49)
21,Northern America (M49)
21,Northern America (M49)
21,Northern America (M49)
21,Northern America (M49)
21,Northern America (M49)
21,Northern America (M49)
150,Europe (M49)
150,Europe (M49)
150,Europe (M49)
150,Europe (M49)
150,Europe (M49)
150,Europe (M49)
150,Europe (M49)
150,Europe (M49)
150,Europe (M49)
150,Europe (M49)
150,Europe (M49)
150,Europe (M49)
150,Europe (M49)
150,Europe (M49)
150,Europe (M49)
419,Latin America and the Caribbean (MDG=M49)
419,Latin America and the Caribbean (MDG=M49)
419,Latin America and the Caribbean (MDG=M49)
419,Latin America and the Caribbean (MDG=M49)
419,Latin America and the Caribbean (MDG=M49)
419,Latin America and the Caribbean (MDG=M49)
419,Latin America and the Caribbean (MDG=M49)
419,Latin America and the Caribbean (MDG=M49)
419,Latin America and the Caribbean (MDG=M49)
419,Latin America and the Caribbean (MDG=M49)
419,Latin America and the Caribbean (MDG=M49)
419,Latin America and the Caribbean (MDG=M49)
419,Latin America and the Caribbean (MDG=M49)
419,Latin America and the Caribbean (MDG=M49)
419,Latin America and the Caribbean (MDG=M49)
62,Central Asia (M49) and Southern Asia (MDG=M49)
62,Central Asia (M49) and Southern Asia (MDG=M49)
62,Central Asia (M49) and Southern Asia (MDG=M49)
62,Central Asia (M49) and Southern Asia (MDG=M49)
62,Central Asia (M49) and Southern Asia (MDG=M49)
62,Central Asia (M49) and Southern Asia (MDG=M49)
62,Central Asia (M49) and Southern Asia (MDG=M49)
62,Central Asia (M49) and Southern Asia (MDG=M49)
62,Central Asia (M49) and Southern Asia (MDG=M49)
62,Central Asia (M49) and Southern Asia (MDG=M49)
62,Central Asia (M49) and Southern Asia (MDG=M49)
62,Central Asia (M49) and Southern Asia (MDG=M49)
62,Central Asia (M49) and Southern Asia (MDG=M49)
62,Central Asia (M49) and Southern Asia (MDG=M49)
62,Central Asia (M49) and Southern Asia (MDG=M49)
143,Central Asia (M49)
143,Central Asia (M49)
143,Central Asia (M49)
143,Central Asia (M49)
143,Central Asia (M49)
143,Central Asia (M49)
143,Central Asia (M49)
143,Central Asia (M49)
143,Central Asia (M49)
143,Central Asia (M49)
143,Central Asia (M49)
143,Central Asia (M49)
143,Central Asia (M49)
143,Central Asia (M49)
143,Central Asia (M49)
34,Southern Asia (MDG=M49)
34,Southern Asia (MDG=M49)
34,Southern Asia (MDG=M49)
34,Southern Asia (MDG=M49)
34,Southern Asia (MDG=M49)
34,Southern Asia (MDG=M49)
34,Southern Asia (MDG=M49)
34,Southern Asia (MDG=M49)
34,Southern Asia (MDG=M49)
34,Southern Asia (MDG=M49)
34,Southern Asia (MDG=M49)
34,Southern Asia (MDG=M49)
34,Southern Asia (MDG=M49)
34,Southern Asia (MDG=M49)
34,Southern Asia (MDG=M49)
753,Eastern Asia (M49) and South-eastern Asia (MDG=M49)
753,Eastern Asia (M49) and South-eastern Asia (MDG=M49)
753,Eastern Asia (M49) and South-eastern Asia (MDG=M49)
753,Eastern Asia (M49) and South-eastern Asia (MDG=M49)
753,Eastern Asia (M49) and South-eastern Asia (MDG=M49)
753,Eastern Asia (M49) and South-eastern Asia (MDG=M49)
753,Eastern Asia (M49) and South-eastern Asia (MDG=M49)
753,Eastern Asia (M49) and South-eastern Asia (MDG=M49)
753,Eastern Asia (M49) and South-eastern Asia (MDG=M49)
753,Eastern Asia (M49) and South-eastern Asia (MDG=M49)
753,Eastern Asia (M49) and South-eastern Asia (MDG=M49)
753,Eastern Asia (M49) and South-eastern Asia (MDG=M49)
753,Eastern Asia (M49) and South-eastern Asia (MDG=M49)
753,Eastern Asia (M49) and South-eastern Asia (MDG=M49)
753,Eastern Asia (M49) and South-eastern Asia (MDG=M49)
30,Eastern Asia (M49)
30,Eastern Asia (M49)
30,Eastern Asia (M49)
30,Eastern Asia (M49)
30,Eastern Asia (M49)
30,Eastern Asia (M49)
30,Eastern Asia (M49)
30,Eastern Asia (M49)
30,Eastern Asia (M49)
30,Eastern Asia (M49)
30,Eastern Asia (M49)
30,Eastern Asia (M49)
30,Eastern Asia (M49)
30,Eastern Asia (M49)
30,Eastern Asia (M49)
35,South-eastern Asia (MDG=M49)
35,South-eastern Asia (MDG=M49)
35,South-eastern Asia (MDG=M49)
35,South-eastern Asia (MDG=M49)
35,South-eastern Asia (MDG=M49)
35,South-eastern Asia (MDG=M49)
35,South-eastern Asia (MDG=M49)
35,South-eastern Asia (MDG=M49)
35,South-eastern Asia (MDG=M49)
35,South-eastern Asia (MDG=M49)
35,South-eastern Asia (MDG=M49)
35,South-eastern Asia (MDG=M49)
35,South-eastern Asia (MDG=M49)
35,South-eastern Asia (MDG=M49)
35,South-eastern Asia (MDG=M49)
747,Western Asia (M49) and Northern Africa (M49)
747,Western Asia (M49) and Northern Africa (M49)
747,Western Asia (M49) and Northern Africa (M49)
747,Western Asia (M49) and Northern Africa (M49)
747,Western Asia (M49) and Northern Africa (M49)
747,Western Asia (M49) and Northern Africa (M49)
747,Western Asia (M49) and Northern Africa (M49)
747,Western Asia (M49) and Northern Africa (M49)
747,Western Asia (M49) and Northern Africa (M49)
747,Western Asia (M49) and Northern Africa (M49)
747,Western Asia (M49) and Northern Africa (M49)
747,Western Asia (M49) and Northern Africa (M49)
747,Western Asia (M49) and Northern Africa (M49)
747,Western Asia (M49) and Northern Africa (M49)
747,Western Asia (M49) and Northern Africa (M49)
145,Western Asia (M49)
145,Western Asia (M49)
145,Western Asia (M49)
145,Western Asia (M49)
145,Western Asia (M49)
145,Western Asia (M49)
145,Western Asia (M49)
145,Western Asia (M49)
145,Western Asia (M49)
145,Western Asia (M49)
145,Western Asia (M49)
145,Western Asia (M49)
145,Western Asia (M49)
145,Western Asia (M49)
145,Western Asia (M49)
15,Northern Africa (M49)
15,Northern Africa (M49)
15,Northern Africa (M49)
15,Northern Africa (M49)
15,Northern Africa (M49)
15,Northern Africa (M49)
15,Northern Africa (M49)
15,Northern Africa (M49)
15,Northern Africa (M49)
15,Northern Africa (M49)
15,Northern Africa (M49)
15,Northern Africa (M49)
15,Northern Africa (M49)
15,Northern Africa (M49)
15,Northern Africa (M49)
202,Sub-Saharan Africa (M49)
202,Sub-Saharan Africa (M49)
202,Sub-Saharan Africa (M49)
202,Sub-Saharan Africa (M49)
202,Sub-Saharan Africa (M49)
202,Sub-Saharan Africa (M49)
202,Sub-Saharan Africa (M49)
202,Sub-Saharan Africa (M49)
202,Sub-Saharan Africa (M49)
202,Sub-Saharan Africa (M49)
202,Sub-Saharan Africa (M49)
202,Sub-Saharan Africa (M49)
202,Sub-Saharan Africa (M49)
202,Sub-Saharan Africa (M49)
202,Sub-Saharan Africa (M49)
9,Oceania (M49)
9,Oceania (M49)
9,Oceania (M49)
9,Oceania (M49)
9,Oceania (M49)
9,Oceania (M49)
9,Oceania (M49)
9,Oceania (M49)
9,Oceania (M49)
9,Oceania (M49)
9,Oceania (M49)
9,Oceania (M49)
9,Oceania (M49)
9,Oceania (M49)
9,Oceania (M49)
543,Oceania (M49) excluding Australia and New Zealand (M49)
543,Oceania (M49) excluding Australia and New Zealand (M49)
543,Oceania (M49) excluding Australia and New Zealand (M49)
543,Oceania (M49) excluding Australia and New Zealand (M49)
543,Oceania (M49) excluding Australia and New Zealand (M49)
543,Oceania (M49) excluding Australia and New Zealand (M49)
543,Oceania (M49) excluding Australia and New Zealand (M49)
543,Oceania (M49) excluding Australia and New Zealand (M49)
543,Oceania (M49) excluding Australia and New Zealand (M49)
543,Oceania (M49) excluding Australia and New Zealand (M49)
543,Oceania (M49) excluding Australia and New Zealand (M49)
543,Oceania (M49) excluding Australia and New Zealand (M49)
543,Oceania (M49) excluding Australia and New Zealand (M49)
543,Oceania (M49) excluding Australia and New Zealand (M49)
543,Oceania (M49) excluding Australia and New Zealand (M49)
53,Australia and New Zealand (M49)
53,Australia and New Zealand (M49)
53,Australia and New Zealand (M49)
53,Australia and New Zealand (M49)
53,Australia and New Zealand (M49)
53,Australia and New Zealand (M49)
53,Australia and New Zealand (M49)
53,Australia and New Zealand (M49)
53,Australia and New Zealand (M49)
53,Australia and New Zealand (M49)
53,Australia and New Zealand (M49)
53,Australia and New Zealand (M49)
53,Australia and New Zealand (M49)
53,Australia and New Zealand (M49)
53,Australia and New Zealand (M49)
199,Least Developed Countries (LDCs)
199,Least Developed Countries (LDCs)
199,Least Developed Countries (LDCs)
199,Least Developed Countries (LDCs)
199,Least Developed Countries (LDCs)
199,Least Developed Countries (LDCs)
199,Least Developed Countries (LDCs)
199,Least Developed Countries (LDCs)
199,Least Developed Countries (LDCs)
199,Least Developed Countries (LDCs)
199,Least Developed Countries (LDCs)
199,Least Developed Countries (LDCs)
199,Least Developed Countries (LDCs)
199,Least Developed Countries (LDCs)
199,Least Developed Countries (LDCs)
722,Small island developing States (SIDS)
722,Small island developing States (SIDS)
722,Small island developing States (SIDS)
722,Small island developing States (SIDS)
722,Small island developing States (SIDS)
722,Small island developing States (SIDS)
722,Small island developing States (SIDS)
722,Small island developing States (SIDS)
722,Small island developing States (SIDS)
722,Small island developing States (SIDS)
722,Small island developing States (SIDS)
722,Small island developing States (SIDS)
722,Small island developing States (SIDS)
722,Small island developing States (SIDS)
722,Small island developing States (SIDS)
432,Landlocked developing countries (LLDCs)
432,Landlocked developing countries (LLDCs)
432,Landlocked developing countries (LLDCs)
432,Landlocked developing countries (LLDCs)
432,Landlocked developing countries (LLDCs)
432,Landlocked developing countries (LLDCs)
432,Landlocked developing countries (LLDCs)
432,Landlocked developing countries (LLDCs)
432,Landlocked developing countries (LLDCs)
432,Landlocked developing countries (LLDCs)
432,Landlocked developing countries (LLDCs)
432,Landlocked developing countries (LLDCs)
432,Landlocked developing countries (LLDCs)
432,Landlocked developing countries (LLDCs)
432,Landlocked developing countries (LLDCs)
2,Africa (M49)
2,Africa (M49)
2,Africa (M49)
2,Africa (M49)
2,Africa (M49)
2,Africa (M49)
2,Africa (M49)
2,Africa (M49)
2,Africa (M49)
2,Africa (M49)
2,Africa (M49)
2,Africa (M49)
2,Africa (M49)
2,Africa (M49)
2,Africa (M49)
142,Asia (M49)
142,Asia (M49)
142,Asia (M49)
142,Asia (M49)
142,Asia (M49)
142,Asia (M49)
142,Asia (M49)
142,Asia (M49)
142,Asia (M49)
142,Asia (M49)
142,Asia (M49)
142,Asia (M49)
142,Asia (M49)
142,Asia (M49)
142,Asia (M49)
19,Americas (M49)
19,Americas (M49)
19,Americas (M49)
19,Americas (M49)
19,Americas (M49)
19,Americas (M49)
19,Americas (M49)
19,Americas (M49)
19,Americas (M49)
19,Americas (M49)
19,Americas (M49)
19,Americas (M49)
19,Americas (M49)
19,Americas (M49)
19,Americas (M49)
29,Caribbean (M49)
29,Caribbean (M49)
29,Caribbean (M49)
29,Caribbean (M49)
29,Caribbean (M49)
29,Caribbean (M49)
29,Caribbean (M49)
29,Caribbean (M49)
29,Caribbean (M49)
29,Caribbean (M49)
29,Caribbean (M49)
29,Caribbean (M49)
29,Caribbean (M49)
29,Caribbean (M49)
29,Caribbean (M49)
13,Central America (M49)
13,Central America (M49)
13,Central America (M49)
13,Central America (M49)
13,Central America (M49)
13,Central America (M49)
13,Central America (M49)
13,Central America (M49)
13,Central America (M49)
13,Central America (M49)
13,Central America (M49)
13,Central America (M49)
13,Central America (M49)
13,Central America (M49)
13,Central America (M49)
14,Eastern Africa (M49)
14,Eastern Africa (M49)
14,Eastern Africa (M49)
14,Eastern Africa (M49)
14,Eastern Africa (M49)
14,Eastern Africa (M49)
14,Eastern Africa (M49)
14,Eastern Africa (M49)
14,Eastern Africa (M49)
14,Eastern Africa (M49)
14,Eastern Africa (M49)
14,Eastern Africa (M49)
14,Eastern Africa (M49)
14,Eastern Africa (M49)
14,Eastern Africa (M49)
151,Eastern Europe (M49)
151,Eastern Europe (M49)
151,Eastern Europe (M49)
151,Eastern Europe (M49)
151,Eastern Europe (M49)
151,Eastern Europe (M49)
151,Eastern Europe (M49)
151,Eastern Europe (M49)
151,Eastern Europe (M49)
151,Eastern Europe (M49)
151,Eastern Europe (M49)
151,Eastern Europe (M49)
151,Eastern Europe (M49)
151,Eastern Europe (M49)
151,Eastern Europe (M49)
54,Melanesia (M49)
54,Melanesia (M49)
54,Melanesia (M49)
54,Melanesia (M49)
54,Melanesia (M49)
54,Melanesia (M49)
54,Melanesia (M49)
54,Melanesia (M49)
54,Melanesia (M49)
54,Melanesia (M49)
54,Melanesia (M49)
54,Melanesia (M49)
54,Melanesia (M49)
54,Melanesia (M49)
54,Melanesia (M49)
57,Micronesia (M49)
57,Micronesia (M49)
57,Micronesia (M49)
57,Micronesia (M49)
57,Micronesia (M49)
57,Micronesia (M49)
57,Micronesia (M49)
57,Micronesia (M49)
57,Micronesia (M49)
57,Micronesia (M49)
57,Micronesia (M49)
57,Micronesia (M49)
57,Micronesia (M49)
57,Micronesia (M49)
57,Micronesia (M49)
17,Middle Africa (M49)
17,Middle Africa (M49)
17,Middle Africa (M49)
17,Middle Africa (M49)
17,Middle Africa (M49)
17,Middle Africa (M49)
17,Middle Africa (M49)
17,Middle Africa (M49)
17,Middle Africa (M49)
17,Middle Africa (M49)
17,Middle Africa (M49)
17,Middle Africa (M49)
17,Middle Africa (M49)
17,Middle Africa (M49)
17,Middle Africa (M49)
154,Northern Europe (M49)
154,Northern Europe (M49)
154,Northern Europe (M49)
154,Northern Europe (M49)
154,Northern Europe (M49)
154,Northern Europe (M49)
154,Northern Europe (M49)
154,Northern Europe (M49)
154,Northern Europe (M49)
154,Northern Europe (M49)
154,Northern Europe (M49)
154,Northern Europe (M49)
154,Northern Europe (M49)
154,Northern Europe (M49)
154,Northern Europe (M49)
61,Polynesia (M49)
61,Polynesia (M49)
61,Polynesia (M49)
61,Polynesia (M49)
61,Polynesia (M49)
61,Polynesia (M49)
61,Polynesia (M49)
61,Polynesia (M49)
61,Polynesia (M49)
61,Polynesia (M49)
61,Polynesia (M49)
61,Polynesia (M49)
61,Polynesia (M49)
61,Polynesia (M49)
61,Polynesia (M49)
5,South America (M49)
5,South America (M49)
5,South America (M49)
5,South America (M49)
5,South America (M49)
5,South America (M49)
5,South America (M49)
5,South America (M49)
5,South America (M49)
5,South America (M49)
5,South America (M49)
5,South America (M49)
5,South America (M49)
5,South America (M49)
5,South America (M49)
18,Southern Africa (M49)
18,Southern Africa (M49)
18,Southern Africa (M49)
18,Southern Africa (M49)
18,Southern Africa (M49)
18,Southern Africa (M49)
18,Southern Africa (M49)
18,Southern Africa (M49)
18,Southern Africa (M49)
18,Southern Africa (M49)
18,Southern Africa (M49)
18,Southern Africa (M49)
18,Southern Africa (M49)
18,Southern Africa (M49)
18,Southern Africa (M49)
39,Southern Europe (M49)
39,Southern Europe (M49)
39,Southern Europe (M49)
39,Southern Europe (M49)
39,Southern Europe (M49)
39,Southern Europe (M49)
39,Southern Europe (M49)
39,Southern Europe (M49)
39,Southern Europe (M49)
39,Southern Europe (M49)
39,Southern Europe (M49)
39,Southern Europe (M49)
39,Southern Europe (M49)
39,Southern Europe (M49)
39,Southern Europe (M49)
11,Western Africa (M49)
11,Western Africa (M49)
11,Western Africa (M49)
11,Western Africa (M49)
11,Western Africa (M49)
11,Western Africa (M49)
11,Western Africa (M49)
11,Western Africa (M49)
11,Western Africa (M49)
11,Western Africa (M49)
11,Western Africa (M49)
11,Western Africa (M49)
11,Western Africa (M49)
11,Western Africa (M49)
11,Western Africa (M49)
155,Western Europe (M49)
155,Western Europe (M49)
155,Western Europe (M49)
155,Western Europe (M49)
155,Western Europe (M49)
155,Western Europe (M49)
155,Western Europe (M49)
155,Western Europe (M49)
155,Western Europe (M49)
155,Western Europe (M49)
155,Western Europe (M49)
155,Western Europe (M49)
155,Western Europe (M49)
155,Western Europe (M49)
155,Western Europe (M49)
515,Developing regions (MDG)
515,Developing regions (MDG)
515,Developing regions (MDG)
515,Developing regions (MDG)
515,Developing regions (MDG)
515,Developing regions (MDG)
515,Developing regions (MDG)
515,Developing regions (MDG)
515,Developing regions (MDG)
515,Developing regions (MDG)
515,Developing regions (MDG)
515,Developing regions (MDG)
515,Developing regions (MDG)
515,Developing regions (MDG)
515,Developing regions (MDG)
514,Developed regions (MDG)
514,Developed regions (MDG)
514,Developed regions (MDG)
514,Developed regions (MDG)
514,Developed regions (MDG)
514,Developed regions (MDG)
514,Developed regions (MDG)
514,Developed regions (MDG)
514,Developed regions (MDG)
514,Developed regions (MDG)
514,Developed regions (MDG)
514,Developed regions (MDG)
514,Developed regions (MDG)
514,Developed regions (MDG)
514,Developed regions (MDG)
